aircraft,sensor,type,timestamp,lat,lon,alt,range_km,yaw_deg,pitch_deg
39de4f,sensor_1,GPS,1747820457,41.6747,-5.2042,10363.2,,,
39de4f,sensor_2,Angular,1747820457,,,,80.012,-124.2,7.4
39de4f,sensor_3,Angular,1747820457,,,,57.085,-135.2,10.4
39de4f,sensor_4,Angular,1747820457,,,,47.766,-122.0,12.4
39de4f,sensor_5,GPS,1747820457,41.6747,-5.2042,10363.2,,,
39de4f,sensor_1,GPS,1747820464,41.6787,-5.192,10363.2,,,
39de4f,sensor_2,Angular,1747820464,,,,78.936,-124.3,7.5
39de4f,sensor_3,Angular,1747820464,,,,56.077,-135.7,10.6
39de4f,sensor_4,Angular,1747820464,,,,46.7,-122.2,12.7
39de4f,sensor_5,GPS,1747820464,41.6787,-5.192,10363.2,,,
39de4f,sensor_1,GPS,1747820471,41.6878,-5.1644,10363.2,,,
39de4f,sensor_2,Angular,1747820471,,,,76.502,-124.7,7.7
39de4f,sensor_3,Angular,1747820471,,,,53.807,-136.7,11.0
39de4f,sensor_4,Angular,1747820471,,,,44.292,-122.6,13.4
39de4f,sensor_5,GPS,1747820471,41.6878,-5.1644,10363.2,,,
39de4f,sensor_1,GPS,1747820478,41.6878,-5.1644,10363.2,,,
39de4f,sensor_2,Angular,1747820478,,,,76.502,-124.7,7.7
39de4f,sensor_3,Angular,1747820478,,,,53.807,-136.7,11.0
39de4f,sensor_4,Angular,1747820478,,,,44.292,-122.6,13.4
39de4f,sensor_5,GPS,1747820478,41.6878,-5.1644,10363.2,,,
39de4f,sensor_1,GPS,1747820485,41.6967,-5.1374,10363.2,,,
39de4f,sensor_2,Angular,1747820485,,,,74.125,-125.0,8.0
39de4f,sensor_3,Angular,1747820485,,,,51.607,-137.7,11.5
39de4f,sensor_4,Angular,1747820485,,,,41.947,-123.2,14.2
39de4f,sensor_5,GPS,1747820485,41.6967,-5.1374,10363.2,,,
39de4f,sensor_1,GPS,1747820492,41.6967,-5.1374,10363.2,,,
39de4f,sensor_2,Angular,1747820492,,,,74.125,-125.0,8.0
39de4f,sensor_3,Angular,1747820492,,,,51.607,-137.7,11.5
39de4f,sensor_4,Angular,1747820492,,,,41.947,-123.2,14.2
39de4f,sensor_5,GPS,1747820492,41.6967,-5.1374,10363.2,,,
39de4f,sensor_1,GPS,1747820499,41.6967,-5.1374,10363.2,,,
39de4f,sensor_2,Angular,1747820499,,,,74.125,-125.0,8.0
39de4f,sensor_3,Angular,1747820499,,,,51.607,-137.7,11.5
39de4f,sensor_4,Angular,1747820499,,,,41.947,-123.2,14.2
39de4f,sensor_5,GPS,1747820499,41.6967,-5.1374,10363.2,,,
39de4f,sensor_1,GPS,1747820506,41.7186,-5.0705,10355.58,,,
39de4f,sensor_2,Angular,1747820506,,,,68.266,-126.0,8.7
39de4f,sensor_3,Angular,1747820506,,,,46.274,-140.9,12.8
39de4f,sensor_4,Angular,1747820506,,,,36.201,-124.8,16.5
39de4f,sensor_5,GPS,1747820506,41.7186,-5.0705,10355.58,,,
39de4f,sensor_1,GPS,1747820513,41.7229,-5.0572,10355.58,,,
39de4f,sensor_2,Angular,1747820513,,,,67.109,-126.3,8.8
39de4f,sensor_3,Angular,1747820513,,,,45.24,-141.6,13.1
39de4f,sensor_4,Angular,1747820513,,,,35.075,-125.2,17.0
39de4f,sensor_5,GPS,1747820513,41.7229,-5.0572,10355.58,,,
39de4f,sensor_1,GPS,1747820520,41.7238,-5.0545,10355.58,,,
39de4f,sensor_2,Angular,1747820520,,,,66.873,-126.3,8.8
39de4f,sensor_3,Angular,1747820520,,,,45.028,-141.7,13.2
39de4f,sensor_4,Angular,1747820520,,,,34.846,-125.3,17.1
39de4f,sensor_5,GPS,1747820520,41.7238,-5.0545,10355.58,,,
39de4f,sensor_1,GPS,1747820527,41.7328,-5.027,10355.58,,,
39de4f,sensor_2,Angular,1747820527,,,,64.48,-126.8,9.2
39de4f,sensor_3,Angular,1747820527,,,,42.912,-143.3,13.9
39de4f,sensor_4,Angular,1747820527,,,,32.53,-126.2,18.4
39de4f,sensor_5,GPS,1747820527,41.7328,-5.027,10355.58,,,
39de4f,sensor_1,GPS,1747820535,41.741,-5.0017,10355.58,,,
39de4f,sensor_2,Angular,1747820535,,,,62.29,-127.3,9.5
39de4f,sensor_3,Angular,1747820535,,,,41.009,-145.0,14.5
39de4f,sensor_4,Angular,1747820535,,,,30.429,-127.2,19.7
39de4f,sensor_5,GPS,1747820535,41.741,-5.0017,10355.58,,,
39de4f,sensor_1,GPS,1747820542,41.7433,-4.9946,10355.58,,,
39de4f,sensor_2,Angular,1747820542,,,,61.676,-127.4,9.6
39de4f,sensor_3,Angular,1747820542,,,,40.482,-145.5,14.7
39de4f,sensor_4,Angular,1747820542,,,,29.844,-127.6,20.1
39de4f,sensor_5,GPS,1747820542,41.7433,-4.9946,10355.58,,,
39de4f,sensor_1,GPS,1747820548,41.7433,-4.9946,10355.58,,,
39de4f,sensor_2,Angular,1747820548,,,,61.676,-127.4,9.6
39de4f,sensor_3,Angular,1747820548,,,,40.482,-145.5,14.7
39de4f,sensor_4,Angular,1747820548,,,,29.844,-127.6,20.1
39de4f,sensor_5,GPS,1747820548,41.7433,-4.9946,10355.58,,,
39de4f,sensor_1,GPS,1747820555,41.748,-4.9801,10355.58,,,
39de4f,sensor_2,Angular,1747820555,,,,60.426,-127.7,9.8
39de4f,sensor_3,Angular,1747820555,,,,39.416,-146.5,15.1
39de4f,sensor_4,Angular,1747820555,,,,28.657,-128.2,21.0
39de4f,sensor_5,GPS,1747820555,41.748,-4.9801,10355.58,,,
39de4f,sensor_1,GPS,1747820563,41.7621,-4.9369,10355.58,,,
39de4f,sensor_2,Angular,1747820563,,,,56.708,-128.7,10.4
39de4f,sensor_3,Angular,1747820563,,,,36.325,-150.0,16.4
39de4f,sensor_4,Angular,1747820563,,,,25.186,-130.7,24.0
39de4f,sensor_5,GPS,1747820563,41.7621,-4.9369,10355.58,,,
39de4f,sensor_1,GPS,1747820570,41.7662,-4.9244,10355.58,,,
39de4f,sensor_2,Angular,1747820570,,,,55.636,-129.0,10.6
39de4f,sensor_3,Angular,1747820570,,,,35.459,-151.1,16.8
39de4f,sensor_4,Angular,1747820570,,,,24.205,-131.5,25.1
39de4f,sensor_5,GPS,1747820570,41.7662,-4.9244,10355.58,,,
39de4f,sensor_1,GPS,1747820577,41.7722,-4.9061,10363.2,,,
39de4f,sensor_2,Angular,1747820577,,,,54.072,-129.5,11.0
39de4f,sensor_3,Angular,1747820577,,,,34.22,-152.9,17.5
39de4f,sensor_4,Angular,1747820577,,,,22.797,-133.0,26.8
39de4f,sensor_5,GPS,1747820577,41.7722,-4.9061,10363.2,,,
39de4f,sensor_1,GPS,1747820584,41.7812,-4.8786,10363.2,,,
39de4f,sensor_2,Angular,1747820584,,,,51.732,-130.2,11.5
39de4f,sensor_3,Angular,1747820584,,,,32.427,-155.8,18.5
39de4f,sensor_4,Angular,1747820584,,,,20.746,-135.6,29.7
39de4f,sensor_5,GPS,1747820584,41.7812,-4.8786,10363.2,,,
39de4f,sensor_1,GPS,1747820591,41.7838,-4.8705,10363.2,,,
39de4f,sensor_2,Angular,1747820591,,,,51.048,-130.5,11.6
39de4f,sensor_3,Angular,1747820591,,,,31.922,-156.7,18.8
39de4f,sensor_4,Angular,1747820591,,,,20.164,-136.5,30.6
39de4f,sensor_5,GPS,1747820591,41.7838,-4.8705,10363.2,,,
39de4f,sensor_1,GPS,1747820598,41.7951,-4.8357,10363.2,,,
39de4f,sensor_2,Angular,1747820598,,,,48.12,-131.6,12.3
39de4f,sensor_3,Angular,1747820598,,,,29.842,-161.1,20.2
39de4f,sensor_4,Angular,1747820598,,,,17.779,-141.3,35.3
39de4f,sensor_5,GPS,1747820598,41.7951,-4.8357,10363.2,,,
39de4f,sensor_1,GPS,1747820605,41.7927,-4.8432,10363.2,,,
39de4f,sensor_2,Angular,1747820605,,,,48.746,-131.3,12.2
39de4f,sensor_3,Angular,1747820605,,,,30.271,-160.1,19.9
39de4f,sensor_4,Angular,1747820605,,,,18.272,-140.1,34.2
39de4f,sensor_5,GPS,1747820605,41.7927,-4.8432,10363.2,,,
39de4f,sensor_1,GPS,1747820612,41.7927,-4.8432,10363.2,,,
39de4f,sensor_2,Angular,1747820612,,,,48.746,-131.3,12.2
39de4f,sensor_3,Angular,1747820612,,,,30.271,-160.1,19.9
39de4f,sensor_4,Angular,1747820612,,,,18.272,-140.1,34.2
39de4f,sensor_5,GPS,1747820612,41.7927,-4.8432,10363.2,,,
39de4f,sensor_1,GPS,1747820619,41.8091,-4.7927,10363.2,,,
39de4f,sensor_2,Angular,1747820619,,,,44.538,-133.2,13.3
39de4f,sensor_3,Angular,1747820619,,,,27.547,-167.6,21.9
39de4f,sensor_4,Angular,1747820619,,,,15.214,-150.6,42.5
39de4f,sensor_5,GPS,1747820619,41.8091,-4.7927,10363.2,,,
39de4f,sensor_1,GPS,1747820626,41.8156,-4.7724,10363.2,,,
39de4f,sensor_2,Angular,1747820626,,,,42.874,-134.0,13.9
39de4f,sensor_3,Angular,1747820626,,,,26.602,-171.0,22.7
39de4f,sensor_4,Angular,1747820626,,,,14.219,-157.0,46.3
39de4f,sensor_5,GPS,1747820626,41.8156,-4.7724,10363.2,,,
39de4f,sensor_1,GPS,1747820633,41.8181,-4.7649,10363.2,,,
39de4f,sensor_2,Angular,1747820633,,,,42.255,-134.3,14.1
39de4f,sensor_3,Angular,1747820633,,,,26.267,-172.4,23.0
39de4f,sensor_4,Angular,1747820633,,,,13.888,-159.9,47.7
39de4f,sensor_5,GPS,1747820633,41.8181,-4.7649,10363.2,,,
39de4f,sensor_1,GPS,1747820640,41.8265,-4.7389,10370.82,,,
39de4f,sensor_2,Angular,1747820640,,,,40.146,-135.6,14.8
39de4f,sensor_3,Angular,1747820640,,,,25.241,-177.4,24.1
39de4f,sensor_4,Angular,1747820640,,,,12.974,-172.3,52.4
39de4f,sensor_5,GPS,1747820640,41.8265,-4.7389,10370.82,,,
39de4f,sensor_1,GPS,1747820647,41.8282,-4.7337,10370.82,,,
39de4f,sensor_2,Angular,1747820647,,,,39.726,-135.8,15.0
39de4f,sensor_3,Angular,1747820647,,,,25.055,-178.4,24.2
39de4f,sensor_4,Angular,1747820647,,,,12.832,-175.3,53.2
39de4f,sensor_5,GPS,1747820647,41.8282,-4.7337,10370.82,,,
39de4f,sensor_1,GPS,1747820654,41.8331,-4.7186,10370.82,,,
39de4f,sensor_2,Angular,1747820654,,,,38.514,-136.6,15.5
39de4f,sensor_3,Angular,1747820654,,,,24.559,178.4,24.8
39de4f,sensor_4,Angular,1747820654,,,,12.515,175.1,55.2
39de4f,sensor_5,GPS,1747820654,41.8331,-4.7186,10370.82,,,
39de4f,sensor_1,GPS,1747820661,41.8414,-4.6927,10370.82,,,
39de4f,sensor_2,Angular,1747820661,,,,36.469,-138.1,16.4
39de4f,sensor_3,Angular,1747820661,,,,23.877,172.7,25.5
39de4f,sensor_4,Angular,1747820661,,,,12.311,156.0,56.6
39de4f,sensor_5,GPS,1747820661,41.8414,-4.6927,10370.82,,,
39de4f,sensor_1,GPS,1747820668,41.8432,-4.6869,10370.82,,,
39de4f,sensor_2,Angular,1747820668,,,,36.021,-138.5,16.6
39de4f,sensor_3,Angular,1747820668,,,,23.759,171.3,25.7
39de4f,sensor_4,Angular,1747820668,,,,12.329,151.6,56.5
39de4f,sensor_5,GPS,1747820668,41.8432,-4.6869,10370.82,,,
39de4f,sensor_1,GPS,1747820675,41.8563,-4.6464,10370.82,,,
39de4f,sensor_2,Angular,1747820675,,,,32.903,-141.3,18.2
39de4f,sensor_3,Angular,1747820675,,,,23.191,161.6,26.3
39de4f,sensor_4,Angular,1747820675,,,,13.021,124.6,52.1
39de4f,sensor_5,GPS,1747820675,41.8563,-4.6464,10370.82,,,
39de4f,sensor_1,GPS,1747820682,41.8591,-4.6377,10370.82,,,
39de4f,sensor_2,Angular,1747820682,,,,32.249,-142.0,18.6
39de4f,sensor_3,Angular,1747820682,,,,23.143,159.4,26.4
39de4f,sensor_4,Angular,1747820682,,,,13.297,120.1,50.6
39de4f,sensor_5,GPS,1747820682,41.8591,-4.6377,10370.82,,,
39de4f,sensor_1,GPS,1747820689,41.8672,-4.6126,10370.82,,,
39de4f,sensor_2,Angular,1747820689,,,,30.395,-144.2,19.8
39de4f,sensor_3,Angular,1747820689,,,,23.152,153.2,26.4
39de4f,sensor_4,Angular,1747820689,,,,14.304,109.5,45.9
39de4f,sensor_5,GPS,1747820689,41.8672,-4.6126,10370.82,,,
39de4f,sensor_1,GPS,1747820695,41.8695,-4.6052,10370.82,,,
39de4f,sensor_2,Angular,1747820695,,,,29.866,-144.9,20.1
39de4f,sensor_3,Angular,1747820695,,,,23.205,151.3,26.3
39de4f,sensor_4,Angular,1747820695,,,,14.656,107.1,44.5
39de4f,sensor_5,GPS,1747820695,41.8695,-4.6052,10370.82,,,
39de4f,sensor_1,GPS,1747820702,41.8759,-4.5856,10370.82,,,
39de4f,sensor_2,Angular,1747820702,,,,28.466,-146.9,21.2
39de4f,sensor_3,Angular,1747820702,,,,23.408,146.5,26.1
39de4f,sensor_4,Angular,1747820702,,,,15.681,101.5,41.0
39de4f,sensor_5,GPS,1747820702,41.8759,-4.5856,10370.82,,,
39de4f,sensor_1,GPS,1747820710,41.8842,-4.5602,10370.82,,,
39de4f,sensor_2,Angular,1747820710,,,,26.717,-149.8,22.6
39de4f,sensor_3,Angular,1747820710,,,,23.863,140.5,25.5
39de4f,sensor_4,Angular,1747820710,,,,17.19,96.0,36.7
39de4f,sensor_5,GPS,1747820710,41.8842,-4.5602,10370.82,,,
39de4f,sensor_1,GPS,1747820717,41.8842,-4.5602,10370.82,,,
39de4f,sensor_2,Angular,1747820717,,,,26.717,-149.8,22.6
39de4f,sensor_3,Angular,1747820717,,,,23.863,140.5,25.5
39de4f,sensor_4,Angular,1747820717,,,,17.19,96.0,36.7
39de4f,sensor_5,GPS,1747820717,41.8842,-4.5602,10370.82,,,
39de4f,sensor_1,GPS,1747820724,41.8936,-4.5358,10378.44,,,
39de4f,sensor_2,Angular,1747820724,,,,24.993,-152.9,24.3
39de4f,sensor_3,Angular,1747820724,,,,24.395,134.8,25.0
39de4f,sensor_4,Angular,1747820724,,,,18.788,91.4,33.2
39de4f,sensor_5,GPS,1747820724,41.8936,-4.5358,10378.44,,,
39de4f,sensor_1,GPS,1747820731,41.8936,-4.5358,10378.44,,,
39de4f,sensor_2,Angular,1747820731,,,,24.993,-152.9,24.3
39de4f,sensor_3,Angular,1747820731,,,,24.395,134.8,25.0
39de4f,sensor_4,Angular,1747820731,,,,18.788,91.4,33.2
39de4f,sensor_5,GPS,1747820731,41.8936,-4.5358,10378.44,,,
39de4f,sensor_1,GPS,1747820738,41.913,-4.4953,10378.44,,,
39de4f,sensor_2,Angular,1747820738,,,,21.993,-158.7,27.9
39de4f,sensor_3,Angular,1747820738,,,,25.47,125.2,23.8
39de4f,sensor_4,Angular,1747820738,,,,21.731,84.7,28.3
39de4f,sensor_5,GPS,1747820738,41.913,-4.4953,10378.44,,,
39de4f,sensor_1,GPS,1747820745,41.913,-4.4953,10378.44,,,
39de4f,sensor_2,Angular,1747820745,,,,21.993,-158.7,27.9
39de4f,sensor_3,Angular,1747820745,,,,25.47,125.2,23.8
39de4f,sensor_4,Angular,1747820745,,,,21.731,84.7,28.3
39de4f,sensor_5,GPS,1747820745,41.913,-4.4953,10378.44,,,
39de4f,sensor_1,GPS,1747820752,41.9219,-4.4777,10378.44,,,
39de4f,sensor_2,Angular,1747820752,,,,20.749,-161.9,29.7
39de4f,sensor_3,Angular,1747820752,,,,26.087,121.3,23.2
39de4f,sensor_4,Angular,1747820752,,,,23.112,82.4,26.4
39de4f,sensor_5,GPS,1747820752,41.9219,-4.4777,10378.44,,,
39de4f,sensor_1,GPS,1747820759,41.9372,-4.4471,10370.82,,,
39de4f,sensor_2,Angular,1747820759,,,,18.794,-168.7,33.2
39de4f,sensor_3,Angular,1747820759,,,,27.4,115.0,22.1
39de4f,sensor_4,Angular,1747820759,,,,25.616,79.1,23.7
39de4f,sensor_5,GPS,1747820759,41.9372,-4.4471,10370.82,,,
39de4f,sensor_1,GPS,1747820766,41.9425,-4.4362,10370.82,,,
39de4f,sensor_2,Angular,1747820766,,,,18.185,-171.7,34.4
39de4f,sensor_3,Angular,1747820766,,,,27.939,113.0,21.6
39de4f,sensor_4,Angular,1747820766,,,,26.533,78.1,22.8
39de4f,sensor_5,GPS,1747820766,41.9425,-4.4362,10370.82,,,
39de4f,sensor_1,GPS,1747820773,41.9443,-4.4327,10370.82,,,
39de4f,sensor_2,Angular,1747820773,,,,17.99,-172.7,34.9
39de4f,sensor_3,Angular,1747820773,,,,28.115,112.3,21.5
39de4f,sensor_4,Angular,1747820773,,,,26.832,77.8,22.5
39de4f,sensor_5,GPS,1747820773,41.9443,-4.4327,10370.82,,,
39de4f,sensor_1,GPS,1747820780,41.9604,-4.3999,10370.82,,,
39de4f,sensor_2,Angular,1747820780,,,,16.481,176.3,38.6
39de4f,sensor_3,Angular,1747820780,,,,29.937,106.9,20.1
39de4f,sensor_4,Angular,1747820780,,,,29.669,75.4,20.3
39de4f,sensor_5,GPS,1747820780,41.9604,-4.3999,10370.82,,,
39de4f,sensor_1,GPS,1747820787,41.9604,-4.3999,10370.82,,,
39de4f,sensor_2,Angular,1747820787,,,,16.481,176.3,38.6
39de4f,sensor_3,Angular,1747820787,,,,29.937,106.9,20.1
39de4f,sensor_4,Angular,1747820787,,,,29.669,75.4,20.3
39de4f,sensor_5,GPS,1747820787,41.9604,-4.3999,10370.82,,,
39de4f,sensor_1,GPS,1747820794,41.9604,-4.3999,10370.82,,,
39de4f,sensor_2,Angular,1747820794,,,,16.481,176.3,38.6
39de4f,sensor_3,Angular,1747820794,,,,29.937,106.9,20.1
39de4f,sensor_4,Angular,1747820794,,,,29.669,75.4,20.3
39de4f,sensor_5,GPS,1747820794,41.9604,-4.3999,10370.82,,,
39de4f,sensor_1,GPS,1747820801,41.9769,-4.366,10370.82,,,
39de4f,sensor_2,Angular,1747820801,,,,15.502,161.8,41.6
39de4f,sensor_3,Angular,1747820801,,,,32.058,102.0,18.7
39de4f,sensor_4,Angular,1747820801,,,,32.676,73.4,18.3
39de4f,sensor_5,GPS,1747820801,41.9769,-4.366,10370.82,,,
39de4f,sensor_1,GPS,1747820808,41.9888,-4.3417,10370.82,,,
39de4f,sensor_2,Angular,1747820808,,,,15.213,149.9,42.5
39de4f,sensor_3,Angular,1747820808,,,,33.699,99.0,17.8
39de4f,sensor_4,Angular,1747820808,,,,34.871,72.2,17.1
39de4f,sensor_5,GPS,1747820808,41.9888,-4.3417,10370.82,,,
39de4f,sensor_1,GPS,1747820815,41.9923,-4.3347,10370.82,,,
39de4f,sensor_2,Angular,1747820815,,,,15.194,146.4,42.6
39de4f,sensor_3,Angular,1747820815,,,,34.187,98.1,17.5
39de4f,sensor_4,Angular,1747820815,,,,35.51,71.9,16.8
39de4f,sensor_5,GPS,1747820815,41.9923,-4.3347,10370.82,,,
39de4f,sensor_1,GPS,1747820822,41.9998,-4.3191,10370.82,,,
39de4f,sensor_2,Angular,1747820822,,,,15.285,138.6,42.3
39de4f,sensor_3,Angular,1747820822,,,,35.303,96.4,16.9
39de4f,sensor_4,Angular,1747820822,,,,36.932,71.3,16.2
39de4f,sensor_5,GPS,1747820822,41.9998,-4.3191,10370.82,,,
39de4f,sensor_1,GPS,1747820828,42.0153,-4.2875,10370.82,,,
39de4f,sensor_2,Angular,1747820828,,,,15.911,123.8,40.3
39de4f,sensor_3,Angular,1747820828,,,,37.651,93.3,15.9
39de4f,sensor_4,Angular,1747820828,,,,39.849,70.1,14.9
39de4f,sensor_5,GPS,1747820828,42.0153,-4.2875,10370.82,,,
39de4f,sensor_1,GPS,1747820836,42.0176,-4.2827,10370.82,,,
39de4f,sensor_2,Angular,1747820836,,,,16.06,121.8,39.8
39de4f,sensor_3,Angular,1747820836,,,,38.018,92.8,15.7
39de4f,sensor_4,Angular,1747820836,,,,40.292,69.9,14.8
39de4f,sensor_5,GPS,1747820836,42.0176,-4.2827,10370.82,,,
39de4f,sensor_1,GPS,1747820843,42.0312,-4.2549,10370.82,,,
39de4f,sensor_2,Angular,1747820843,,,,17.141,111.4,36.9
39de4f,sensor_3,Angular,1747820843,,,,40.183,90.4,14.8
39de4f,sensor_4,Angular,1747820843,,,,42.884,69.1,13.9
39de4f,sensor_5,GPS,1747820843,42.0312,-4.2549,10370.82,,,
39de4f,sensor_1,GPS,1747820850,42.0289,-4.2597,10370.82,,,
39de4f,sensor_2,Angular,1747820850,,,,16.926,113.0,37.4
39de4f,sensor_3,Angular,1747820850,,,,39.804,90.8,15.0
39de4f,sensor_4,Angular,1747820850,,,,42.437,69.2,14.0
39de4f,sensor_5,GPS,1747820850,42.0289,-4.2597,10370.82,,,
39de4f,sensor_1,GPS,1747820857,42.0444,-4.2281,10370.82,,,
39de4f,sensor_2,Angular,1747820857,,,,18.509,103.3,33.7
39de4f,sensor_3,Angular,1747820857,,,,42.333,88.4,14.1
39de4f,sensor_4,Angular,1747820857,,,,45.402,68.3,13.1
39de4f,sensor_5,GPS,1747820857,42.0444,-4.2281,10370.82,,,
39de4f,sensor_1,GPS,1747820864,42.051,-4.2145,10370.82,,,
39de4f,sensor_2,Angular,1747820864,,,,19.307,99.9,32.2
39de4f,sensor_3,Angular,1747820864,,,,43.445,87.4,13.7
39de4f,sensor_4,Angular,1747820864,,,,46.681,68.0,12.7
39de4f,sensor_5,GPS,1747820864,42.051,-4.2145,10370.82,,,
39de4f,sensor_1,GPS,1747820871,42.0635,-4.189,10370.82,,,
39de4f,sensor_2,Angular,1747820871,,,,20.951,94.4,29.4
39de4f,sensor_3,Angular,1747820871,,,,45.563,85.8,13.0
39de4f,sensor_4,Angular,1747820871,,,,49.093,67.4,12.1
39de4f,sensor_5,GPS,1747820871,42.0635,-4.189,10370.82,,,
39de4f,sensor_1,GPS,1747820878,42.0635,-4.189,10370.82,,,
39de4f,sensor_2,Angular,1747820878,,,,20.951,94.4,29.4
39de4f,sensor_3,Angular,1747820878,,,,45.563,85.8,13.0
39de4f,sensor_4,Angular,1747820878,,,,49.093,67.4,12.1
39de4f,sensor_5,GPS,1747820878,42.0635,-4.189,10370.82,,,
39de4f,sensor_1,GPS,1747820885,42.0792,-4.1568,10370.82,,,
39de4f,sensor_2,Angular,1747820885,,,,23.25,89.1,26.2
39de4f,sensor_3,Angular,1747820885,,,,48.29,83.9,12.3
39de4f,sensor_4,Angular,1747820885,,,,52.149,66.7,11.4
39de4f,sensor_5,GPS,1747820885,42.0792,-4.1568,10370.82,,,
39de4f,sensor_1,GPS,1747820892,42.0856,-4.1436,10370.82,,,
39de4f,sensor_2,Angular,1747820892,,,,24.249,87.3,25.1
39de4f,sensor_3,Angular,1747820892,,,,49.422,83.2,12.0
39de4f,sensor_4,Angular,1747820892,,,,53.404,66.5,11.1
39de4f,sensor_5,GPS,1747820892,42.0856,-4.1436,10370.82,,,
39de4f,sensor_1,GPS,1747820899,42.0944,-4.1254,10370.82,,,
39de4f,sensor_2,Angular,1747820899,,,,25.67,85.1,23.6
39de4f,sensor_3,Angular,1747820899,,,,50.996,82.3,11.6
39de4f,sensor_4,Angular,1747820899,,,,55.136,66.2,10.7
39de4f,sensor_5,GPS,1747820899,42.0944,-4.1254,10370.82,,,
39de4f,sensor_1,GPS,1747820905,42.0944,-4.1254,10370.82,,,
39de4f,sensor_2,Angular,1747820905,,,,25.67,85.1,23.6
39de4f,sensor_3,Angular,1747820905,,,,50.996,82.3,11.6
39de4f,sensor_4,Angular,1747820905,,,,55.136,66.2,10.7
39de4f,sensor_5,GPS,1747820905,42.0944,-4.1254,10370.82,,,
39de4f,sensor_1,GPS,1747820912,42.0944,-4.1254,10370.82,,,
39de4f,sensor_2,Angular,1747820912,,,,25.67,85.1,23.6
39de4f,sensor_3,Angular,1747820912,,,,50.996,82.3,11.6
39de4f,sensor_4,Angular,1747820912,,,,55.136,66.2,10.7
39de4f,sensor_5,GPS,1747820912,42.0944,-4.1254,10370.82,,,
39de4f,sensor_1,GPS,1747820919,42.0956,-4.1229,10370.82,,,
39de4f,sensor_2,Angular,1747820919,,,,25.869,84.8,23.4
39de4f,sensor_3,Angular,1747820919,,,,51.214,82.2,11.6
39de4f,sensor_4,Angular,1747820919,,,,55.374,66.1,10.7
39de4f,sensor_5,GPS,1747820919,42.0956,-4.1229,10370.82,,,
39de4f,sensor_1,GPS,1747820926,42.1134,-4.0862,10370.82,,,
39de4f,sensor_2,Angular,1747820926,,,,28.87,81.2,20.9
39de4f,sensor_3,Angular,1747820926,,,,54.431,80.5,10.9
39de4f,sensor_4,Angular,1747820926,,,,58.88,65.5,10.1
39de4f,sensor_5,GPS,1747820926,42.1134,-4.0862,10370.82,,,
39de4f,sensor_1,GPS,1747820933,42.123,-4.0665,10370.82,,,
39de4f,sensor_2,Angular,1747820933,,,,30.536,79.6,19.7
39de4f,sensor_3,Angular,1747820933,,,,56.178,79.7,10.6
39de4f,sensor_4,Angular,1747820933,,,,60.769,65.3,9.7
39de4f,sensor_5,GPS,1747820933,42.123,-4.0665,10370.82,,,
39de4f,sensor_1,GPS,1747820940,42.1364,-4.0388,10370.82,,,
39de4f,sensor_2,Angular,1747820940,,,,32.927,77.7,18.2
39de4f,sensor_3,Angular,1747820940,,,,58.653,78.6,10.1
39de4f,sensor_4,Angular,1747820940,,,,63.425,64.9,9.3
39de4f,sensor_5,GPS,1747820940,42.1364,-4.0388,10370.82,,,
39de4f,sensor_1,GPS,1747820947,42.1434,-4.0244,10370.82,,,
39de4f,sensor_2,Angular,1747820947,,,,34.19,76.8,17.5
39de4f,sensor_3,Angular,1747820947,,,,59.948,78.1,9.9
39de4f,sensor_4,Angular,1747820947,,,,64.809,64.7,9.1
39de4f,sensor_5,GPS,1747820947,42.1434,-4.0244,10370.82,,,
39de4f,sensor_1,GPS,1747820955,42.1466,-4.0177,10370.82,,,
39de4f,sensor_2,Angular,1747820955,,,,34.78,76.4,17.2
39de4f,sensor_3,Angular,1747820955,,,,60.552,77.9,9.8
39de4f,sensor_4,Angular,1747820955,,,,65.451,64.6,9.0
39de4f,sensor_5,GPS,1747820955,42.1466,-4.0177,10370.82,,,
39de4f,sensor_1,GPS,1747820962,42.1548,-4.0008,10370.82,,,
39de4f,sensor_2,Angular,1747820962,,,,36.282,75.5,16.5
39de4f,sensor_3,Angular,1747820962,,,,62.081,77.3,9.5
39de4f,sensor_4,Angular,1747820962,,,,67.077,64.4,8.8
39de4f,sensor_5,GPS,1747820962,42.1548,-4.0008,10370.82,,,
39de4f,sensor_1,GPS,1747820969,42.1571,-3.9961,10370.82,,,
39de4f,sensor_2,Angular,1747820969,,,,36.702,75.2,16.3
39de4f,sensor_3,Angular,1747820969,,,,62.508,77.2,9.5
39de4f,sensor_4,Angular,1747820969,,,,67.531,64.4,8.8
39de4f,sensor_5,GPS,1747820969,42.1571,-3.9961,10370.82,,,
39de4f,sensor_1,GPS,1747820975,42.1548,-4.0008,10370.82,,,
39de4f,sensor_2,Angular,1747820975,,,,36.282,75.5,16.5
39de4f,sensor_3,Angular,1747820975,,,,62.081,77.3,9.5
39de4f,sensor_4,Angular,1747820975,,,,67.077,64.4,8.8
39de4f,sensor_5,GPS,1747820975,42.1548,-4.0008,10370.82,,,
39de4f,sensor_1,GPS,1747820982,42.1831,-3.9422,10370.82,,,
39de4f,sensor_2,Angular,1747820982,,,,41.578,72.9,14.3
39de4f,sensor_3,Angular,1747820982,,,,67.426,75.6,8.8
39de4f,sensor_4,Angular,1747820982,,,,72.72,63.8,8.1
39de4f,sensor_5,GPS,1747820982,42.1831,-3.9422,10370.82,,,
39de4f,sensor_1,GPS,1747820989,42.1946,-3.9183,10370.82,,,
39de4f,sensor_2,Angular,1747820989,,,,43.769,72.0,13.6
39de4f,sensor_3,Angular,1747820989,,,,69.622,75.0,8.5
39de4f,sensor_4,Angular,1747820989,,,,75.024,63.6,7.9
39de4f,sensor_5,GPS,1747820989,42.1946,-3.9183,10370.82,,,
39de4f,sensor_1,GPS,1747820996,42.1991,-3.909,10370.82,,,
39de4f,sensor_2,Angular,1747820996,,,,44.626,71.7,13.3
39de4f,sensor_3,Angular,1747820996,,,,70.48,74.8,8.4
39de4f,sensor_4,Angular,1747820996,,,,75.922,63.5,7.8
39de4f,sensor_5,GPS,1747820996,42.1991,-3.909,10370.82,,,
39de4f,sensor_1,GPS,1747821003,42.207,-3.8927,10370.82,,,
39de4f,sensor_2,Angular,1747821003,,,,46.134,71.2,12.9
39de4f,sensor_3,Angular,1747821003,,,,71.987,74.4,8.2
39de4f,sensor_4,Angular,1747821003,,,,77.498,63.4,7.6
39de4f,sensor_5,GPS,1747821003,42.207,-3.8927,10370.82,,,
39de4f,sensor_1,GPS,1747821010,42.2082,-3.8902,10370.82,,,
39de4f,sensor_2,Angular,1747821010,,,,46.366,71.1,12.8
39de4f,sensor_3,Angular,1747821010,,,,72.219,74.3,8.2
39de4f,sensor_4,Angular,1747821010,,,,77.739,63.4,7.6
39de4f,sensor_5,GPS,1747821010,42.2082,-3.8902,10370.82,,,
39de4f,sensor_1,GPS,1747821017,42.2177,-3.8706,10370.82,,,
39de4f,sensor_2,Angular,1747821017,,,,48.188,70.5,12.3
39de4f,sensor_3,Angular,1747821017,,,,74.036,73.8,8.0
39de4f,sensor_4,Angular,1747821017,,,,79.635,63.2,7.4
39de4f,sensor_5,GPS,1747821017,42.2177,-3.8706,10370.82,,,
39de4f,sensor_1,GPS,1747821024,42.2221,-3.8614,10370.82,,,
39de4f,sensor_2,Angular,1747821024,,,,49.044,70.3,12.1
39de4f,sensor_3,Angular,1747821024,,,,74.89,73.6,7.9
39de4f,sensor_4,Angular,1747821024,,,,80.522,63.2,7.3
39de4f,sensor_5,GPS,1747821024,42.2221,-3.8614,10370.82,,,
39de4f,sensor_1,GPS,1747821031,42.2221,-3.8614,10370.82,,,
39de4f,sensor_2,Angular,1747821031,,,,49.044,70.3,12.1
39de4f,sensor_3,Angular,1747821031,,,,74.89,73.6,7.9
39de4f,sensor_4,Angular,1747821031,,,,80.522,63.2,7.3
39de4f,sensor_5,GPS,1747821031,42.2221,-3.8614,10370.82,,,
39de4f,sensor_1,GPS,1747821038,42.2221,-3.8614,10370.82,,,
39de4f,sensor_2,Angular,1747821038,,,,49.044,70.3,12.1
39de4f,sensor_3,Angular,1747821038,,,,74.89,73.6,7.9
39de4f,sensor_4,Angular,1747821038,,,,80.522,63.2,7.3
39de4f,sensor_5,GPS,1747821038,42.2221,-3.8614,10370.82,,,
39de4f,sensor_1,GPS,1747821045,42.2477,-3.8083,10370.82,,,
39de4f,sensor_2,Angular,1747821045,,,,54.019,69.0,11.0
39de4f,sensor_3,Angular,1747821045,,,,79.839,72.6,7.4
39de4f,sensor_4,Angular,1747821045,,,,85.658,62.8,6.9
39de4f,sensor_5,GPS,1747821045,42.2477,-3.8083,10370.82,,,
39de4f,sensor_1,GPS,1747821052,42.2564,-3.7903,10370.82,,,
39de4f,sensor_2,Angular,1747821052,,,,55.715,68.6,10.6
39de4f,sensor_3,Angular,1747821052,,,,81.525,72.2,7.2
39de4f,sensor_4,Angular,1747821052,,,,87.402,62.7,6.8
39de4f,sensor_5,GPS,1747821052,42.2564,-3.7903,10370.82,,,
